Date,Title,URL
"December 30, 2022",Emergency Water Main Repair - Takoma Park,https://www.wsscwater.com/news/2022/december/emergency-water-main-repair-takoma-park
"December 29, 2022",Emergency Water Main Repair - Capitol Heights,https://www.wsscwater.com/news/2022/december/emergency-water-main-repair-capitol-heights
"December 29, 2022",Emergency Water Main Repair - Oxon Hill,https://www.wsscwater.com/news/2022/december/emergency-water-main-repair-oxon-hill
"December 28, 2022",Emergency Water Main Repair - Silver Spring,https://www.wsscwater.com/news/2022/december/emergency-water-main-repair-silver-spring
"December 28, 2022",Emergency Water Main Repair - Greenbelt,https://www.wsscwater.com/news/2022/december/emergency-water-main-repair-greenbelt
"December 26, 2022",Emergency Water Main Repair - Gaithersburg,https://www.wsscwater.com/news/2022/december/emergency-water-main-repair-gaithersburg
"December 23, 2022",Lobby Cash Window/Drive-thru Window Closed - December 23,https://www.wsscwater.com/news/2022/december/lobby-cash-windowdrive-thru-window-closed-december-23
"December 22, 2022",Emergency Water Main Repair - North Bethesda,https://www.wsscwater.com/news/2022/december/emergency-water-main-repair-north-bethesda
"December 19, 2022",Emergency Water Main Repair - Damascus,https://www.wsscwater.com/news/2022/december/emergency-water-main-repair-damascus
"December 16, 2022",Emergency Water Main Repair - Germantown,https://www.wsscwater.com/news/2022/december/emergency-water-main-repair-germantown
"December 14, 2022",Emergency Water Main Repair - Bethesda,https://www.wsscwater.com/news/2022/december/emergency-water-main-repair-bethesda
"December 8, 2022",Emergency Water Main Repair - Suitland,https://www.wsscwater.com/news/2022/december/emergency-water-main-repair-suitland
"December 6, 2022",System Maintenance - December 10,https://www.wsscwater.com/news/2022/december/system-maintenance-december-10
"November 28, 2022",System Maintenance - November 30 - December 1,https://www.wsscwater.com/news/2022/november/system-maintenance-november-30-december-1
"November 27, 2022",Fast Busy Signal through Verizon and Google Voice,https://www.wsscwater.com/news/2022/november/fast-busy-signal-through-verizon-and-google-voice
"November 26, 2022",Emergency Water Main Repair - Silver Spring,https://www.wsscwater.com/news/2022/november/emergency-water-main-repair-silver-spring-0
"November 22, 2022",System Maintenance This Evening,https://www.wsscwater.com/news/2022/november/system-maintenance-evening
"November 22, 2022",Emergency Water Main Repair - Rockville,https://www.wsscwater.com/news/2022/november/emergency-water-main-repair-rockville
"November 21, 2022",Customer Service Center Early Closing - December 30,https://www.wsscwater.com/news/2022/november/customer-service-center-early-closing-december-30
"November 21, 2022",Customer Service Center Closing Early - December 23,https://www.wsscwater.com/news/2022/november/customer-service-center-closing-early-december-23
"November 20, 2022",Emergency Water Main Repair – Gaithersburg,https://www.wsscwater.com/news/2022/november/emergency-water-main-repair-gaithersburg
"November 19, 2022",Emergency Water Main Repair – Beltsville,https://www.wsscwater.com/news/2022/november/emergency-water-main-repair-beltsville
"November 17, 2022",System Maintenance Outage - Saturday,https://www.wsscwater.com/news/2022/november/system-maintenance-outage-saturday
"November 15, 2022",Emergency Water Main Repair - Germantown,https://www.wsscwater.com/news/2022/november/emergency-water-main-repair-germantown
"November 15, 2022",System Maintenance - Multiple Applications Offline,https://www.wsscwater.com/news/2022/november/system-maintenance-multiple-applications-offline
"November 15, 2022",Self-Service Kiosks Unavailable,https://www.wsscwater.com/news/2022/november/self-service-kiosks-unavailable
"November 11, 2022",Emergency Water Main Repair - Fort Washington,https://www.wsscwater.com/news/2022/november/emergency-water-main-repair-fort-washington
"November 2, 2022",Emergency Water Main Repair – Silver Spring,https://www.wsscwater.com/news/2022/november/emergency-water-main-repair-silver-spring
"October 31, 2022",Reports of No Water/Low Pressure - Upper Marlboro,https://www.wsscwater.com/news/2022/october/reports-no-waterlow-pressure-upper-marlboro
"October 27, 2022",Emergency Valve Repair - Gaithersburg,https://www.wsscwater.com/news/2022/october/emergency-valve-repair-gaithersburg
"October 24, 2022",Emergency Water Main Repair - Laurel,https://www.wsscwater.com/news/2022/october/emergency-water-main-repair-laurel
"October 20, 2022",Emergency Water Main Break - Hyattsville,https://www.wsscwater.com/news/2022/october/emergency-water-main-break-hyattsville
"October 7, 2022",Emergency Water Main Repair - Germantown,https://www.wsscwater.com/news/2022/october/emergency-water-main-repair-germantown
"September 26, 2022",Emergency Water Main Repair - Bethesda,https://www.wsscwater.com/news/2022/september/emergency-water-main-repair-bethesda
"September 26, 2022",System Maintenance - September 30-October 1,https://www.wsscwater.com/news/2022/september/system-maintenance-september-30-october-1
"September 16, 2022",Emergency Water Main Repair - Potomac,https://www.wsscwater.com/news/2022/september/emergency-water-main-repair-potomac
"September 16, 2022",System Maintenance This Saturday - September 17,https://www.wsscwater.com/news/2022/september/system-maintenance-saturday-september-17
"September 16, 2022",Emergency Water Main Repair - Temple Hills,https://www.wsscwater.com/news/2022/september/emergency-water-main-repair-temple-hills
"September 8, 2022",WSSC Water Issues Recreational Water Contact Health Advisory for T. Howard Duckett Reservoir,https://www.wsscwater.com/news/2022/september/wssc-water-issues-recreational-water-contact-health-advisory-t-howard-duckett
"September 7, 2022","System Maintenance This Friday - September 9, 2022",https://www.wsscwater.com/news/2022/september/system-maintenance-friday-september-9-2022
"August 30, 2022",Emergency Water Main Repair - Germantown,https://www.wsscwater.com/news/2022/august/emergency-water-main-repair-germantown
"August 30, 2022",Emergency Water Main Repair - Greenbelt,https://www.wsscwater.com/news/2022/august/emergency-water-main-repair-greenbelt
"August 29, 2022",OneSource/Supplier Portal Issue,https://www.wsscwater.com/news/2022/august/onesourcesupplier-portal-issue-0
"August 26, 2022",ACI Speedpay System Maintenance,https://www.wsscwater.com/news/2022/august/aci-speedpay-system-maintenance
"August 22, 2022",OneSource/Supplier Portal Issue,https://www.wsscwater.com/news/2022/august/onesourcesupplier-portal-issue
"August 18, 2022",Emergency Valve Repair - Silver Spring,https://www.wsscwater.com/news/2022/august/emergency-valve-repair-silver-spring
"August 18, 2022",System Maintenance This Evening,https://www.wsscwater.com/news/2022/august/system-maintenance-evening
"August 17, 2022",Emergency Water Main Repair – Laurel,https://www.wsscwater.com/news/2022/august/emergency-water-main-repair-laurel-0
"August 13, 2022","WSSC Water Lifts Boil Water Advisory Affecting Customers in Cabin John/Glen Echo Area of Montgomery County, Maryland",https://www.wsscwater.com/news/2022/august/wssc-water-lifts-boil-water-advisory-affecting-customers-cabin-johnglen-echo-area
"August 12, 2022","Boil Water Advisory Remains in Effect for WSSC Water Customers in Cabin John/Glen Echo Area of Montgomery County, Maryland",https://www.wsscwater.com/news/2022/august/boil-water-advisory-remains-effect-wssc-water-customers-cabin-johnglen-echo-area-0
"August 12, 2022","Boil Water Advisory Remains in Effect for WSSC Water Customers in Cabin John/Glen Echo Area of Montgomery County, Maryland",https://www.wsscwater.com/news/2022/august/boil-water-advisory-remains-effect-wssc-water-customers-cabin-johnglen-echo-area
"August 11, 2022","WSSC Water Issues Boil Water Advisory for Cabin John/Glen Echo Area of Montgomery County, Maryland",https://www.wsscwater.com/news/2022/august/wssc-water-issues-boil-water-advisory-cabin-johnglen-echo-area-montgomery-county
"August 11, 2022",Low or No Water Pressure - Cabin John,https://www.wsscwater.com/news/2022/august/low-or-no-water-pressure-cabin-john
"August 11, 2022",Emergency Water Main Repair - Garrett Park,https://www.wsscwater.com/news/2022/august/emergency-water-main-repair-garrett-park
"August 5, 2022",Emergency Water Main Repair - Potomac,https://www.wsscwater.com/news/2022/august/emergency-water-main-repair-potomac
"August 4, 2022",Emergency Water Main Repair - Hyattsville,https://www.wsscwater.com/news/2022/august/emergency-water-main-repair-hyattsville
"August 2, 2022",Emergency Water Main Repair - Laurel,https://www.wsscwater.com/news/2022/august/emergency-water-main-repair-laurel
"July 26, 2022",e-Permitting Issues,https://www.wsscwater.com/news/2022/july/e-permitting-issues
"July 14, 2022",WSSC Water Issues Recreational Water Contact Health Advisory for Triadelphia Reservoir,https://www.wsscwater.com/news/2022/july/wssc-water-issues-recreational-water-contact-health-advisory-triadelphia-reservoir
"June 10, 2022",Speedpay System Issues,https://www.wsscwater.com/news/2022/june/speedpay-system-issues
"June 8, 2022",System Maintenance - Multiple Systems,https://www.wsscwater.com/news/2022/june/system-maintenance-multiple-systems
"June 7, 2022",Emergency Water Main Repair - Hyattsville,https://www.wsscwater.com/news/2022/june/emergency-water-main-repair-hyattsville
"May 27, 2022",Emergency Water Main Repairs - Gaithersburg,https://www.wsscwater.com/news/2022/may/emergency-water-main-repairs-gaithersburg
"May 12, 2022",System Maintenance - Multiple Systems,https://www.wsscwater.com/news/2022/may/system-maintenance-multiple-systems
"May 5, 2022",Emergency Water Main Repair – Germantown,https://www.wsscwater.com/news/2022/may/emergency-water-main-repair-germantown
"May 4, 2022",Low Water Pressure/No Water,https://www.wsscwater.com/news/2022/may/low-water-pressureno-water
"April 30, 2022",Speedpay System Issues,https://www.wsscwater.com/news/2022/april/speedpay-system-issues-0
"April 29, 2022",Emergency Water Main Repair - Temple Hills,https://www.wsscwater.com/news/2022/april/emergency-water-main-repair-temple-hills
"April 26, 2022",Speedpay System Issues,https://www.wsscwater.com/news/2022/april/speedpay-system-issues
"April 21, 2022",Emergency Water Main Repair - Greenbelt,https://www.wsscwater.com/news/2022/april/emergency-water-main-repair-greenbelt
"April 20, 2022",Emergency Water Shutdown Alert,https://www.wsscwater.com/news/2022/april/emergency-water-shutdown-alert
"April 19, 2022",Systemwide Phone Maintenance This Evening,https://www.wsscwater.com/news/2022/april/systemwide-phone-maintenance-evening
"April 15, 2022","Intermittent Phone Connection - Friday, April 15",https://www.wsscwater.com/news/2022/april/intermittent-phone-connection-friday-april-15
"April 14, 2022","System Maintenance Alert - April 22-24, 2022",https://www.wsscwater.com/news/2022/april/system-maintenance-alert-april-22-24-2022
"April 13, 2022",Planned Shutdown Alert - Potomac,https://www.wsscwater.com/news/2022/april/planned-shutdown-alert-potomac
"April 13, 2022",Inbound Calls Alert,https://www.wsscwater.com/news/2022/april/inbound-calls-alert
"April 4, 2022",System Maintenance - Multiple Applications - April 8-9,https://www.wsscwater.com/news/2022/april/system-maintenance-multiple-applications-april-8-9
"April 1, 2022",Credit/Debit/ATM Card Payments Alert,https://www.wsscwater.com/news/2022/april/creditdebitatm-card-payments-alert
"March 23, 2022",Scheduled Shutdown Repair Alert,https://www.wsscwater.com/news/2022/march/scheduled-shutdown-repair-alert
"March 21, 2022",System Maintenance Alert,https://www.wsscwater.com/news/2022/march/system-maintenance-alert
"March 17, 2022",Emergency Water Main Repair - Fort Washington,https://www.wsscwater.com/news/2022/march/emergency-water-main-repair-fort-washington
"March 16, 2022",Emergency Water Main Repair - Rockville,https://www.wsscwater.com/news/2022/march/emergency-water-main-repair-rockville
"March 15, 2022",Emergency Water Main Repair - Potomac,https://www.wsscwater.com/news/2022/march/emergency-water-main-repair-potomac
"March 15, 2022",System Maintenance - Multiple Applications - March 18-20,https://www.wsscwater.com/news/2022/march/system-maintenance-multiple-applications-march-18-20
"March 13, 2022","System Maintenance - Sunday, March 13",https://www.wsscwater.com/news/2022/march/system-maintenance-sunday-march-13
"March 8, 2022","System Maintenance - Saturday, March 12",https://www.wsscwater.com/news/2022/march/system-maintenance-saturday-march-12
"February 16, 2022",Emergency Water Main Repair - Upper Marlboro,https://www.wsscwater.com/news/2022/february/emergency-water-main-repair-upper-marlboro
"February 3, 2022",System Maintenance This Evening,https://www.wsscwater.com/news/2022/february/system-maintenance-evening
"January 28, 2022",Emergency Water Main Repair – Fort Washington,https://www.wsscwater.com/news/2022/january/emergency-water-main-repair-fort-washington
"January 25, 2022",Emergency Water Main Repair- Glen Echo,https://www.wsscwater.com/news/2022/january/emergency-water-main-repair-glen-echo
"January 22, 2022",Emergency Water Main Repair,https://www.wsscwater.com/news/2022/january/emergency-water-main-repair-1
"January 19, 2022",Emergency Water Main Repair,https://www.wsscwater.com/news/2022/january/emergency-water-main-repair
"January 18, 2022",System Maintenance This Evening 1/18/22,https://www.wsscwater.com/news/2022/january/system-maintenance-evening-11822
"January 17, 2022",System Maintenance This Evening 1/17,https://www.wsscwater.com/news/2022/january/system-maintenance-evening-117
"January 14, 2022",Systems Maintenance Today,https://www.wsscwater.com/news/2022/january/systems-maintenance-today
"January 4, 2022",System Maintenance Alert - Saturday,https://www.wsscwater.com/news/2022/january/system-maintenance-alert-saturday
"December 12, 2023",System Maintenance - December 15,https://www.wsscwater.com/news/2023/december/system-maintenance-december-15
"December 8, 2023",System Maintenance - e-Bill,https://www.wsscwater.com/news/2023/december/system-maintenance-e-bill
"December 4, 2023",Emergency Water Main Repair - Brandywine,https://www.wsscwater.com/news/2023/december/emergency-water-main-repair-brandywine
"November 30, 2023",Emergency Water Main Repair - Gaithersburg,https://www.wsscwater.com/news/2023/november/emergency-water-main-repair-gaithersburg
"November 28, 2023",Emergency Water Main Repair - Oxon Hill,https://www.wsscwater.com/news/2023/november/emergency-water-main-repair-oxon-hill
"November 17, 2023",Emergency Water Main Repair - Marlow Heights,https://www.wsscwater.com/news/2023/november/emergency-water-main-repair-marlow-heights
"November 13, 2023",System Maintenance,https://www.wsscwater.com/news/2023/november/system-maintenance
"November 2, 2023",System Maintenance this Weekend,https://www.wsscwater.com/news/2023/october/system-maintenance-weekend
"October 24, 2023",Emergency Water Main Repair - College Park,https://www.wsscwater.com/news/2023/october/emergency-water-main-repair-college-park
"October 23, 2023",Emergency Water Main Repair - Gaithersburg,https://www.wsscwater.com/news/2023/october/emergency-water-main-repair-gaithersburg
"October 11, 2023",WSSC Water Lifts Recreational Water Contact Health Advisory for T. Howard Duckett Reservoir,https://www.wsscwater.com/news/2023/october/wssc-water-lifts-recreational-water-contact-health-advisory-t-howard-duckett
"October 5, 2023",System Maintenance,https://www.wsscwater.com/news/2023/october/system-maintenance
"September 20, 2023",System Maintenance: E-Bill,https://www.wsscwater.com/news/2023/september/system-maintenance-e-bill
"September 17, 2023",Emergency Water Main Repair - Capitol Heights,https://www.wsscwater.com/news/2023/september/emergency-water-main-repair-capitol-heights
"September 14, 2023",Emergency Water Main Repair - Upper Marlboro,https://www.wsscwater.com/news/2023/september/emergency-water-main-repair-upper-marlboro
"September 8, 2023","System Maintenance - Saturday, September 16",https://www.wsscwater.com/news/2023/september/system-maintenance-saturday-september-16
"September 7, 2023","System Maintenance - Saturday, September 9",https://www.wsscwater.com/news/2023/september/system-maintenance-saturday-september-9
"September 7, 2023",Phone System Upgrade,https://www.wsscwater.com/news/2023/september/phone-system-upgrade
"September 6, 2023",Scheduled Water Main Shutdown - Upper Marlboro,https://www.wsscwater.com/news/2023/september/scheduled-water-main-shutdown-upper-marlboro
"September 5, 2023",Emergency Water Main Repair - West Hyattsville,https://www.wsscwater.com/news/2023/september/emergency-water-main-repair-west-hyattsville
"August 23, 2023",Emergency Water Main Repair – Oxon Hill,https://www.wsscwater.com/news/2023/august/emergency-water-main-repair-oxon-hill
"August 20, 2023",Emergency Water Main Repair – Hyattsville/Chillum,https://www.wsscwater.com/news/2023/august/emergency-water-main-repair-hyattsvillechillum
"August 10, 2023",System Maintenance - Saturday August 12,https://www.wsscwater.com/news/2023/august/system-maintenance-saturday-august-12
"July 31, 2023",Emergency Water Main Repair - Clinton,https://www.wsscwater.com/news/2023/july/emergency-water-main-repair-clinton
"June 27, 2023",Emergency Water Main Repair - Greenbelt,https://www.wsscwater.com/news/2023/july/emergency-water-main-repair-greenbelt
"July 18, 2023",WSSC Water Issues Recreational Water Contact Health Advisory for Triadelphia Reservoir,https://www.wsscwater.com/news/2023/july/wssc-water-issues-recreational-water-contact-health-advisory-triadelphia-reservoir
"July 6, 2023",System Maintenance Today - Public Searchable Database,https://www.wsscwater.com/news/2023/july/system-maintenance-today-public-searchable-database
"July 6, 2023",System Maintenance - Paymentus,https://www.wsscwater.com/news/2023/july/system-maintenance-paymentus
"June 20, 2023",System Maintenance This Evening,https://www.wsscwater.com/news/2023/june/system-maintenance-evening-0
"June 17, 2023",System Maintenance This Evening - June 17,https://www.wsscwater.com/news/2023/june/system-maintenance-evening-june-17
"June 15, 2023",Intermittent Access Issues,https://www.wsscwater.com/news/2023/june/intermittent-access-issues
"June 13, 2023",Emergency Water Main Repair - Mt. Rainier,https://www.wsscwater.com/news/2023/june/emergency-water-main-repair-mt-rainier
"June 9, 2023",System Maintenance - June 10,https://www.wsscwater.com/news/2023/june/system-maintenance-june-10
"June 7, 2023",Customer Service Center New Hours,https://www.wsscwater.com/news/2023/june/customer-service-center-new-hours
"June 2, 2023",System Maintenance This Evening,https://www.wsscwater.com/news/2023/june/system-maintenance-evening
"May 31, 2023",Emergency Water Main Repair - Mount Rainier,https://www.wsscwater.com/news/2023/may/emergency-water-main-repair-mount-rainier
"May 26, 2023",System Maintenance Today,https://www.wsscwater.com/news/2023/may/system-maintenance-today
"May 24, 2023",Emergency Water Main Repair – Bethesda,https://www.wsscwater.com/news/2023/may/emergency-water-main-repair-bethesda
"May 12, 2023",Emergency Water Main Repair - College Park,https://www.wsscwater.com/news/2023/may/emergency-water-main-repair-college-park
"May 8, 2023","System Maintenance Alert - May 19 -21, 2023",https://www.wsscwater.com/news/2023/may/system-maintenance-alert-may-19-21-2023
"May 5, 2023","System Maintenance - Sunday, May 14",https://www.wsscwater.com/news/2023/may/system-maintenance-sunday-may-14
"May 5, 2023","System Maintenance - Saturday, May 6",https://www.wsscwater.com/news/2023/may/system-maintenance-saturday-may-6
"April 27, 2023",System Maintenance,https://www.wsscwater.com/news/2023/april/system-maintenance-0
"April 24, 2023",Emergency Water Main Repair - Bethesda,https://www.wsscwater.com/news/2023/april/emergency-water-main-repair-bethesda
"April 6, 2023",Emergency Valve Repair - Wheaton,https://www.wsscwater.com/news/2023/april/emergency-valve-repair-wheaton
"April 4, 2023",System Maintenance - April 8 - 9,https://www.wsscwater.com/news/2023/april/system-maintenance-april-8-9
"March 29, 2023",Emergency Water Main Repair – Capitol Heights,https://www.wsscwater.com/news/2023/march/emergency-water-main-repair-capitol-heights
"March 23, 2023",System Maintenance,https://www.wsscwater.com/news/2023/march/system-maintenance-0
"March 22, 2023",System Maintenance,https://www.wsscwater.com/news/2023/march/system-maintenance
"March 3, 2023",No Inspections Today,https://www.wsscwater.com/news/2023/march/no-inspections-today
"February 28, 2023",System Outage - Multiple Applications -UPDATED,https://www.wsscwater.com/news/2023/february/system-outage-multiple-applications-updated
"February 26, 2023",Emergency Water Main Repair - Hyattsville,https://www.wsscwater.com/news/2023/february/emergency-water-main-repair-hyattsville
"February 23, 2023",System Maintenance - Multiple Applications,https://www.wsscwater.com/news/2023/february/system-maintenance-multiple-applications-1
"February 23, 2023",Emergency Water Main Repair - Laurel,https://www.wsscwater.com/news/2023/february/emergency-water-main-repair-laurel
"February 22, 2023",System Maintenance - Multiple Applications,https://www.wsscwater.com/news/2023/february/system-maintenance-multiple-applications-0
"February 21, 2023",Emergency Water Valve Repair - Takoma Park,https://www.wsscwater.com/news/2023/february/emergency-water-valve-repair-takoma-park
"February 20, 2023",Emergency Valve Repair - 21 Parkway Road,https://www.wsscwater.com/news/2023/february/emergency-valve-repair-21-parkway-road
"February 16, 2023",Emergency Water Main Repair - Silver Spring,https://www.wsscwater.com/news/2023/february/emergency-water-main-repair-silver-spring-0
"February 15, 2023",Emergency Water Main Repair - College Park,https://www.wsscwater.com/news/2023/february/emergency-water-main-repair-college-park
"February 9, 2023",System Maintenance - Multiple Applications,https://www.wsscwater.com/news/2023/february/system-maintenance-multiple-applications
"February 7, 2023",Emergency Water Main Repair - Damascus,https://www.wsscwater.com/news/2023/february/emergency-water-main-repair-damascus
"February 6, 2023",Emergency Water Main Repair - Silver Spring,https://www.wsscwater.com/news/2023/february/emergency-water-main-repair-silver-spring
"February 2, 2023",Emergency Water Main Repair - Temple Hills,https://www.wsscwater.com/news/2023/february/emergency-water-main-repair-temple-hills
"January 26, 2023",Emergency Water Main Repair – Potomac,https://www.wsscwater.com/news/2023/january/emergency-water-main-repair-potomac
"January 23, 2023",System Maintenance - Multiple Applications,https://www.wsscwater.com/news/2023/january/system-maintenance-multiple-applications
"January 23, 2023",System Maintenance - ePlan Review (ProjectDox),https://www.wsscwater.com/news/2023/january/system-maintenance-eplan-review-projectdox
"January 14, 2023",Multiple Applications Offline,https://www.wsscwater.com/news/2023/january/multiple-applications-offline-0
"January 6, 2023",Multiple Applications Offline,https://www.wsscwater.com/news/2023/january/multiple-applications-offline
"January 2, 2023",Emergency Water Main Repair - Mt. Rainier,https://www.wsscwater.com/news/2023/january/emergency-water-main-repair-mt-rainier
"January 2, 2023",Emergency Water Main Repair - Silver Spring,https://www.wsscwater.com/news/2023/january/emergency-water-main-repair-silver-spring
"December 26, 2024",Emergency Water Main Repair - Fort Washington,https://www.wsscwater.com/news/2024/december/emergency-water-main-repair-fort-washington
"December 23, 2024",Emergency Water Main Repair - Clinton,https://www.wsscwater.com/news/2024/december/emergency-water-main-repair-clinton-1
"December 18, 2024",Emergency Water Main Repair - Lanham,https://www.wsscwater.com/news/2024/december/emergency-water-main-repair-lanham
"December 18, 2024",Emergency Water Main Repair - Silver Spring,https://www.wsscwater.com/news/2024/december/emergency-water-main-repair-silver-spring
"December 17, 2024",Emergency Water Main Repair - Greenbelt,https://www.wsscwater.com/news/2024/december/emergency-water-main-repair-greenbelt
"December 31, 2024",Customer Service Closing Early - December 31,https://www.wsscwater.com/news/2024/december/customer-service-closing-early-december-31
"December 24, 2024",Customer Service Closing Early - December 24,https://www.wsscwater.com/news/2024/december/customer-service-closing-early-december-24
"December 13, 2024",Emergency Water Main Repair - Hyattsville,https://www.wsscwater.com/news/2024/december/emergency-water-main-repair-hyattsville
"December 10, 2024",Emergency Water Main Repair - Bethesda,https://www.wsscwater.com/news/2024/december/emergency-water-main-repair-bethesda
"December 10, 2024",Emergency Water Main Repair - Rockville,https://www.wsscwater.com/news/2024/december/emergency-water-main-repair-rockville
"December 5, 2024",Emergency Water Main Repair - Gaithersburg,https://www.wsscwater.com/news/2024/december/emergency-water-main-repair-gaithersburg
"December 4, 2024",Emergency Water Main Repair - Takoma Park,https://www.wsscwater.com/news/2024/december/emergency-water-main-repair-takoma-park
"November 27, 2024",Emergency Water Main Repair - Greenbelt,https://www.wsscwater.com/news/2024/november/emergency-water-main-repair-greenbelt
"November 27, 2024",Customer Service Closing Early - November 27,https://www.wsscwater.com/news/2024/november/customer-service-closing-early-november-27
"November 26, 2024",Emergency Water Main Repair - Montgomery Village,https://www.wsscwater.com/news/2024/november/emergency-water-main-repair-montgomery-village
"November 26, 2024",System Maintenance Alert,https://www.wsscwater.com/news/2024/november/system-maintenance-alert
"November 15, 2024",Emergency Water Main Repair - Rockville,https://www.wsscwater.com/news/2024/november/emergency-water-main-repair-rockville
"November 2, 2024",Emergency Water Main Repair - Laurel,https://www.wsscwater.com/news/2024/november/emergency-water-main-repair-laurel
"October 29, 2024",Emergency Water Main Repair - South – 12903 Midstock Ln,https://www.wsscwater.com/news/2024/october/emergency-water-main-repair-south-12903-midstock-ln
"October 9, 2024",Emergency Water Main Repair - Upper Marlboro,https://www.wsscwater.com/news/2024/october/emergency-water-main-repair-upper-marlboro
"September 19, 2024",Limited Customer Service Advisors Available,https://www.wsscwater.com/news/2024/september/limited-customer-service-advisors-available
"September 4, 2024","** UPDATE 11:45a.m. Wednesday, September 4, 2024 ** Essential-Water-Use-Only Request for Portions of Southern Prince George's County Goes Into Effect Tonight at 8 p.m.",https://www.wsscwater.com/news/2024/september/update-1145am-wednesday-september-4-2024-essential-water-use-only-request
"September 4, 2024","**ACTUALIZACIÓN 11:45 a.m. Miercoles, 4 de septiembre de 2024** SOLICITUD DE USO EXCLUSIVO DE AGUA ESENCIAL PARA PARTES DEL SUR DEL CONDADO DE PRINCE GEORGE ENTRA EN VIGOR HOY A LAS 8 P.M.",https://www.wsscwater.com/news/2024/september/actualizacion-1145-am-miercoles-4-de-septiembre-de-2024-solicitud-de-uso
"September 3, 2024","**ACTUALIZACIÓN 11:00 a.m. Martes, 3 de septiembre de 2024** WSSC WATER SE PREPARA PARA EMITIR UNA SOLICITUD DE USO EXCLUSIVO DE AGUA ESENCIAL PARA PARTES DEL SUR DEL CONDADO DE PRINCE GEORGE",https://www.wsscwater.com/news/2024/september/actualizacion-1100-am-martes-3-de-septiembre-de-2024-wssc-water-se-prepara-para
"September 3, 2024","** UPDATE 11:00 a.m. Tuesday, September 3, 2024 ** WSSC Water Prepares to Issue Essential-Water-Use-Only Request for Portions of Southern Prince George’s County",https://www.wsscwater.com/news/2024/september/update-1100-am-tuesday-september-3-2024-wssc-water-prepares-issue-essential
"September 2, 2024",WSSC Water se prepara para emitir una solicitud de uso exclusivo de agua esencial el miércoles 4 de septiembre a las 8 P.M. para partes del sur del condado de Prince George’s,https://www.wsscwater.com/news/2024/september/wssc-water-se-prepara-para-emitir-una-solicitud-de-uso-exclusivo-de-agua
"September 2, 2024","WSSC Water Prepares to Issue Essential-Water-Use-Only Request on Wednesday, September 4, at 8 P.M. for Portions of Southern Prince George’s County",https://www.wsscwater.com/news/2024/september/wssc-water-prepares-issue-essential-water-use-only-request-wednesday-september
"August 1, 2024",Emergency Water Main Repair - Capitol Heights,https://www.wsscwater.com/news/2024/august/emergency-water-main-repair-capitol-heights
"September 15, 2024",System Maintenance Alert - September 15,https://www.wsscwater.com/news/2024/august/system-maintenance-alert-september-15
"August 16, 2024",Emergency Valve Repair – Rockville/North Potomac,https://www.wsscwater.com/news/2024/august/emergency-valve-repair-rockvillenorth-potomac
"August 10, 2024",System Maintenance Alert - August 10,https://www.wsscwater.com/news/2024/august/system-maintenance-alert-august-10
"August 18, 2024",System Maintenance Alert - August 18,https://www.wsscwater.com/news/2024/august/system-maintenance-alert-august-18
"August 1, 2024",Emergency Water Main Repair - Laurel,https://www.wsscwater.com/news/2024/august/emergency-water-main-repair-laurel
"July 17, 2024",Emergency Water Main Repair - Chevy Chase,https://www.wsscwater.com/news/2024/july/emergency-water-main-repair-chevy-chase
"July 9, 2024",Emergency Water Main Repair - Clinton,https://www.wsscwater.com/news/2024/july/emergency-water-main-repair-clinton
"July 7, 2024",Emergency Water Main Repair - Upper Marlboro,https://www.wsscwater.com/news/2024/july/emergency-water-main-repair-upper-marlboro
"July 3, 2024",Attention WSSC Water Customers,https://www.wsscwater.com/news/2024/july/attention-wssc-water-customers
"June 27, 2024",Emergency Water Main Repair - Takoma Park,https://www.wsscwater.com/news/2024/june/emergency-water-main-repair-takoma-park-0
"June 25, 2024",Emergency Water Main Repair - District Heights,https://www.wsscwater.com/news/2024/june/emergency-water-main-repair-district-heights-0
"June 24, 2024",Emergency Water Main Repair - District Heights,https://www.wsscwater.com/news/2024/june/emergency-water-main-repair-district-heights
"June 22, 2024",Emergency Water Main Repair - Capitol Heights,https://www.wsscwater.com/news/2024/june/emergency-water-main-repair-capitol-heights
"June 21, 2024",Emergency Water Main Repair - Hyattsville,https://www.wsscwater.com/news/2024/june/emergency-water-main-repair-hyattsville
"June 21, 2024",System Maintenance Alert,https://www.wsscwater.com/news/2024/june/system-maintenance-alert-2
"June 18, 2024",System Maintenance Alert,https://www.wsscwater.com/news/2024/june/system-maintenance-alert-1
"June 18, 2024",Emergency Water Main Repair - Takoma Park,https://www.wsscwater.com/news/2024/june/emergency-water-main-repair-takoma-park
"July 20, 2024",System Maintenance Alert - July 21,https://www.wsscwater.com/news/2024/june/system-maintenance-alert-july-21
"June 13, 2024",Emergency Water Main Repair - Temple Hills,https://www.wsscwater.com/news/2024/june/emergency-water-main-repair-temple-hills
"June 15, 2024",System Maintenance Alert,https://www.wsscwater.com/news/2024/june/system-maintenance-alert-0
"June 7, 2024",System Maintenance Alert,https://www.wsscwater.com/news/2024/june/system-maintenance-alert
"May 31, 2024",System Maintenance Alert,https://www.wsscwater.com/news/2024/may/system-maintenance-alert-3
"May 31, 2024",System Maintenance Alert,https://www.wsscwater.com/news/2024/may/system-maintenance-alert-2
"May 17, 2024",System Maintenance Alert,https://www.wsscwater.com/news/2024/may/system-maintenance-alert-1
"May 20, 2024",System Maintenance Alert - June 9,https://www.wsscwater.com/news/2024/may/system-maintenance-alert-june-9
"May 17, 2024",System Maintenance Alert,https://www.wsscwater.com/news/2024/may/system-maintenance-alert-0
"May 1, 2024",System Maintenance Alert,https://www.wsscwater.com/news/2024/may/system-maintenance-alert
"May 1, 2024",Scheduled Shutdown - Oxon Hill,https://www.wsscwater.com/news/2024/may/scheduled-shutdown-oxon-hill
"April 29, 2024",System Maintenance,https://www.wsscwater.com/news/2024/april/system-maintenance
"April 26, 2024",System Maintenance Alert,https://www.wsscwater.com/news/2024/april/system-maintenance-alert-0
"April 23, 2024",System Maintenance Alert,https://www.wsscwater.com/news/2024/april/system-maintenance-alert
"April 19, 2024",System Maintenance Alert - April 20,https://www.wsscwater.com/news/2024/april/system-maintenance-alert-april-20
"April 12, 2024",System Maintenance Alert - April 13,https://www.wsscwater.com/news/2024/april/system-maintenance-alert-april-13-0
"May 4, 2024",System Maintenance Alert - May 5,https://www.wsscwater.com/news/2024/april/system-maintenance-alert-may-5
"April 12, 2024",System Maintenance Alert - April 13,https://www.wsscwater.com/news/2024/april/system-maintenance-alert-april-13
"April 9, 2024",Customer Service Closing Early - June 12,https://www.wsscwater.com/news/2024/april/customer-service-closing-early-june-12
"May 22, 2024",Several Offices Closing Early - May 30,https://www.wsscwater.com/news/2024/april/several-offices-closing-early-may-30
"April 5, 2024",System Maintenance Alert - April 5-7,https://www.wsscwater.com/news/2024/april/system-maintenance-alert-april-5-7
"March 29, 2024",Emergency Fire Hydrant Repair - Gaithersburg,https://www.wsscwater.com/news/2024/march/emergency-fire-hydrant-repair-gaithersburg
"March 21, 2024",Emergency Water Main Repair - Glenmont,https://www.wsscwater.com/news/2024/march/emergency-water-main-repair-glenmont-0
"March 20, 2024",Emergency Water Main Repair - Glenmont,https://www.wsscwater.com/news/2024/march/emergency-water-main-repair-glenmont
"March 20, 2024",Emergency Water Main Repair - Rockville,https://www.wsscwater.com/news/2024/march/emergency-water-main-repair-rockville
"March 13, 2024",Planned Fire Hydrant Repair - Darnestown,https://www.wsscwater.com/news/2024/march/planned-fire-hydrant-repair-darnestown
"March 19, 2024","System Maintenance - Tuesday, March 19",https://www.wsscwater.com/news/2024/march/system-maintenance-tuesday-march-19
"March 12, 2024",Planned Water Main Repair - Upper Marlboro,https://www.wsscwater.com/news/2024/march/planned-water-main-repair-upper-marlboro
"April 14, 2024",System Maintenance,https://www.wsscwater.com/news/2024/march/system-maintenance-2
"March 15, 2024",System Maintenance,https://www.wsscwater.com/news/2024/march/system-maintenance-1
"March 8, 2024",System Maintenance,https://www.wsscwater.com/news/2024/march/system-maintenance-0
"March 1, 2024",System Maintenance,https://www.wsscwater.com/news/2024/march/system-maintenance
"March 9, 2024",System Maintenance,https://www.wsscwater.com/news/2024/february/system-maintenance-0
"February 9, 2024","System Maintenance - Saturday, February 10",https://www.wsscwater.com/news/2024/february/system-maintenance-saturday-february-10
"February 8, 2024",System Maintenance,https://www.wsscwater.com/news/2024/february/system-maintenance
"February 3, 2024",Emergency Water Main Repair - Upper Marlboro,https://www.wsscwater.com/news/2024/february/emergency-water-main-repair-upper-marlboro
"January 25, 2024",Emergency Water Main Repair - Rockville,https://www.wsscwater.com/news/2024/january/emergency-water-main-repair-rockville-0
"January 23, 2024",Emergency Water Main Repair - Silver Spring,https://www.wsscwater.com/news/2024/january/emergency-water-main-repair-silver-spring
"January 22, 2024",Emergency Water Main Repair - Suitland,https://www.wsscwater.com/news/2024/january/emergency-water-main-repair-suitland
"January 18, 2024",Emergency Water Main Repair - Forestville,https://www.wsscwater.com/news/2024/january/emergency-water-main-repair-forestville
"January 17, 2024",System Maintenance,https://www.wsscwater.com/news/2024/january/system-maintenance-1
"February 10, 2024",System Maintenance,https://www.wsscwater.com/news/2024/january/system-maintenance-0
"January 6, 2024",System Maintenance,https://www.wsscwater.com/news/2024/january/system-maintenance
"January 29, 2024","System Maintenance - Saturday, February 3",https://www.wsscwater.com/news/2023/september/system-maintenance-saturday-february-3
"December 29, 2025",Emergency Water Main Repair - Takoma Park,https://www.wsscwater.com/news/2025/december/emergency-water-main-repair-takoma-park
"December 27, 2025",Emergency Water Main Repair - Hyattsville,https://www.wsscwater.com/news/2025/december/emergency-water-main-repair-hyattsville-1
"December 26, 2025",Emergency Water Main Repair - Gaithersburg,https://www.wsscwater.com/news/2025/december/emergency-water-main-repair-gaithersburg-0
"December 24, 2025",Emergency Water Main Repair - Silver Spring,https://www.wsscwater.com/news/2025/december/emergency-water-main-repair-silver-spring-1
"December 23, 2025",Emergency Water Main Repair - Fort Washington,https://www.wsscwater.com/news/2025/december/emergency-water-main-repair-fort-washington-0
"December 23, 2025",Emergency Water Main Repair - Temple Hills,https://www.wsscwater.com/news/2025/december/emergency-water-main-repair-temple-hills-1
"December 23, 2025",Emergency Water Main Repair - West Hyattsville,https://www.wsscwater.com/news/2025/december/emergency-water-main-repair-west-hyattsville
"December 23, 2025",Emergency Water Main Repair - Silver Spring,https://www.wsscwater.com/news/2025/december/emergency-water-main-repair-silver-spring-0
"December 22, 2025",Emergency Water Main Repair - Hyattsville,https://www.wsscwater.com/news/2025/december/emergency-water-main-repair-hyattsville-0
"December 19, 2025",System Maintenance Alert - December 19,https://www.wsscwater.com/news/2025/december/system-maintenance-alert-december-19-0
"December 19, 2025",System Maintenance Alert - December 19,https://www.wsscwater.com/news/2025/december/system-maintenance-alert-december-19
"December 18, 2025",Emergency Water Main Repair - Hyattsville,https://www.wsscwater.com/news/2025/december/emergency-water-main-repair-hyattsville
"December 18, 2025",Emergency Water Main Repair - Chevy Chase,https://www.wsscwater.com/news/2025/december/emergency-water-main-repair-chevy-chase
"December 17, 2025",Emergency Water Main Repair - Suitland,https://www.wsscwater.com/news/2025/december/emergency-water-main-repair-suitland-0
"December 17, 2025",Emergency Water Main Repair - Suitland,https://www.wsscwater.com/news/2025/december/emergency-water-main-repair-suitland
"December 17, 2025",Emergency Water Main Repair - Temple Hills,https://www.wsscwater.com/news/2025/december/emergency-water-main-repair-temple-hills-0
"December 16, 2025",Emergency Water Main Repair - Temple Hills,https://www.wsscwater.com/news/2025/december/emergency-water-main-repair-temple-hills
"December 16, 2025",Emergency Water Main Repair - Silver Spring,https://www.wsscwater.com/news/2025/december/emergency-water-main-repair-silver-spring
"December 15, 2025",Emergency Water Main Repair - Clinton,https://www.wsscwater.com/news/2025/december/emergency-water-main-repair-clinton
"December 12, 2025",Emergency Water Main Repair - Fort Washington,https://www.wsscwater.com/news/2025/december/emergency-water-main-repair-fort-washington
"December 13, 2025",System Maintenance Alert - December 13,https://www.wsscwater.com/news/2025/december/system-maintenance-alert-december-13
"December 13, 2025",Scheduled Shutdown - Upper Marlboro,https://www.wsscwater.com/news/2025/december/scheduled-shutdown-upper-marlboro
"December 13, 2025",System Maintenance Alert - December 13,https://www.wsscwater.com/news/2025/december/system-maintenance-alert-december-13-0
"December 8, 2025",Emergency Water Main Repair - Gaithersburg,https://www.wsscwater.com/news/2025/december/emergency-water-main-repair-gaithersburg
"December 5, 2025",Emergency Water Main Repair - Upper Marlboro,https://www.wsscwater.com/news/2025/december/emergency-water-main-repair-upper-marlboro
"December 3, 2025",Emergency Water Main Repair - Bethesda,https://www.wsscwater.com/news/2025/december/emergency-water-main-repair-bethesda
"December 3, 2025",Emergency Water Main Repair - Capitol Heights,https://www.wsscwater.com/news/2025/december/emergency-water-main-repair-capitol-heights-0
"December 2, 2025",Emergency Water Main Repair - College Park,https://www.wsscwater.com/news/2025/december/emergency-water-main-repair-college-park
"December 1, 2025",Emergency Water Main Repair - Capitol Heights,https://www.wsscwater.com/news/2025/december/emergency-water-main-repair-capitol-heights
"December 1, 2025",Emergency Water Main Repair - Laurel,https://www.wsscwater.com/news/2025/december/emergency-water-main-repair-laurel
"November 30, 2025",Emergency Water Main Repair - Potomac,https://www.wsscwater.com/news/2025/november/emergency-water-main-repair-potomac
"November 26, 2025",System Maintenance Alert - November 28,https://www.wsscwater.com/news/2025/november/system-maintenance-alert-november-28
"November 21, 2025",Emergency Water Main Repair - Brandywine,https://www.wsscwater.com/news/2025/november/emergency-water-main-repair-brandywine
"November 21, 2025",Emergency Water Main Repair - Capitol Heights,https://www.wsscwater.com/news/2025/november/emergency-water-main-repair-capitol-heights
"November 20, 2025",Emergency Fire Hydrant Valve Repair - Capitol Heights,https://www.wsscwater.com/news/2025/november/emergency-fire-hydrant-valve-repair-capitol-heights
"November 20, 2025",Emergency Water Main Repair - Gaithersburg,https://www.wsscwater.com/news/2025/november/emergency-water-main-repair-gaithersburg
"November 18, 2025",Customer Alert - November 18,https://www.wsscwater.com/news/2025/november/customer-alert-november-18
"November 15, 2025",Emergency Water Main Repair - Germantown,https://www.wsscwater.com/news/2025/november/emergency-water-main-repair-germantown
"November 14, 2025",Emergency Water Main Repair - District Heights,https://www.wsscwater.com/news/2025/november/emergency-water-main-repair-district-heights
"November 6, 2025",System Maintenance Alert - November 7,https://www.wsscwater.com/news/2025/november/system-maintenance-alert-november-7
"November 3, 2025",Customer Alert - November 3,https://www.wsscwater.com/news/2025/november/customer-alert-november-3
"November 3, 2025",System Maintenance Alert - November 8,https://www.wsscwater.com/news/2025/november/system-maintenance-alert-november-8
"October 28, 2025",Emergency Water Main Repair - Hyattsville,https://www.wsscwater.com/news/2025/october/emergency-water-main-repair-hyattsville
"October 27, 2025",Emergency Water Main Repair - Bethesda,https://www.wsscwater.com/news/2025/october/emergency-water-main-repair-bethesda
"October 25, 2025",System Maintenance Alert - October 25,https://www.wsscwater.com/news/2025/october/system-maintenance-alert-october-25
"October 22, 2025",Emergency Water Main Repair - Temple Hills,https://www.wsscwater.com/news/2025/october/emergency-water-main-repair-temple-hills-0
"October 17, 2025",WSSC Water Customer Alert - Payment System Intermittently Available,https://www.wsscwater.com/news/2025/october/wssc-water-customer-alert-payment-system-intermittently-available
"October 19, 2025",Emergency Water Main Repair - Gaithersburg,https://www.wsscwater.com/news/2025/october/emergency-water-main-repair-gaithersburg
"October 17, 2025",System Maintenance Alert - October 18,https://www.wsscwater.com/news/2025/october/system-maintenance-alert-october-18
"October 17, 2025",System Maintenance Alert - October 17,https://www.wsscwater.com/news/2025/october/system-maintenance-alert-october-17
"October 8, 2025",System Maintenance Alert - October 8,https://www.wsscwater.com/news/2025/october/system-maintenance-alert-october-8
"September 20, 2025",Emergency Water Main Repair - Temple HIlls,https://www.wsscwater.com/news/2025/october/emergency-water-main-repair-temple-hills
"October 2, 2025",Emergency Water Main Repair - Riverdale,https://www.wsscwater.com/news/2025/october/emergency-water-main-repair-riverdale
"September 20, 2025",Emergency Water Main Repair - Temple HIlls,https://www.wsscwater.com/news/2025/september/emergency-water-main-repair-temple-hills-2
"September 20, 2025",Emergency Water Main Repair - Temple HIlls,https://www.wsscwater.com/news/2025/september/emergency-water-main-repair-temple-hills-1
"September 10, 2025",Emergency Water Main Repair - Temple Hills,https://www.wsscwater.com/news/2025/september/emergency-water-main-repair-temple-hills-0
"September 10, 2025",Emergency Water Main Repair - Upper Marlboro,https://www.wsscwater.com/news/2025/september/emergency-water-main-repair-upper-marlboro
"September 10, 2025",Emergency Water Main Repair - Temple Hills,https://www.wsscwater.com/news/2025/september/emergency-water-main-repair-temple-hills
"September 8, 2025",System Maintenance Alert - September 8,https://www.wsscwater.com/news/2025/september/system-maintenance-alert-september-8
"August 21, 2025",System Maintenance Alert - August 23,https://www.wsscwater.com/news/2025/september/system-maintenance-alert-august-23
"August 30, 2025",Emergency Water Main Repair - Laurel,https://www.wsscwater.com/news/2025/august/emergency-water-main-repair-laurel-1
"August 21, 2025",System Maintenance Alert - August 23,https://www.wsscwater.com/news/2025/august/system-maintenance-alert-august-23-0
"June 7, 2025",System Maintenance Alert - June 7,https://www.wsscwater.com/news/2025/august/system-maintenance-alert-june-7
"August 22, 2025",Emergency Water Main Repair - Bowie,https://www.wsscwater.com/news/2025/august/emergency-water-main-repair-bowie
"August 18, 2025",System Maintenance Alert - August 23,https://www.wsscwater.com/news/2025/august/system-maintenance-alert-august-23
"August 8, 2025",System Maintenance Alert - Intermittent Access,https://www.wsscwater.com/news/2025/august/system-maintenance-alert-intermittent-access
"August 7, 2025",Emergency Water Main Repair - Lanham,https://www.wsscwater.com/news/2025/august/emergency-water-main-repair-lanham
"August 7, 2025",Emergency Water Main Repair - Forestville,https://www.wsscwater.com/news/2025/august/emergency-water-main-repair-forestville
"August 6, 2025",Emergency Water Main Repair - Laurel,https://www.wsscwater.com/news/2025/august/emergency-water-main-repair-laurel-0
"August 5, 2025",Emergency Water Main Repair - Laurel,https://www.wsscwater.com/news/2025/august/emergency-water-main-repair-laurel
"August 4, 2025",Emergency Valve Repair - Silver Spring,https://www.wsscwater.com/news/2025/august/emergency-valve-repair-silver-spring
"August 3, 2025",Emergency Water Main Repair - Silver Spring,https://www.wsscwater.com/news/2025/august/emergency-water-main-repair-silver-spring
"July 31, 2025","UPDATE – Thursday, July 31 at 12:20 pm - WSSC Water and DC Water Monitoring Forecasted Heavy Rainfall and Taking Preventative Measures to Protect Public Health and the Environment",https://www.wsscwater.com/news/2025/july/update-thursday-july-31-1220-pm-wssc-water-and-dc-water-monitoring-forecasted-heavy
"July 30, 2025",Emergency Water Main Repair - Oxon Hill,https://www.wsscwater.com/news/2025/july/emergency-water-main-repair-oxon-hill
"July 28, 2025","UPDATE - Monday, July 28 - Need for Possible Controlled Emergency Sewage Overflow into Beaverdam Creek and Anacostia River NOT IMMINENT",https://www.wsscwater.com/news/2025/july/update-monday-july-28-need-possible-controlled-emergency-sewage-overflow-beaverdam
"July 27, 2025",Proactive Notification of Possible Controlled Emergency Sewage Overflow into Beaverdam Creek and Anacostia River,https://www.wsscwater.com/news/2025/july/proactive-notification-possible-controlled-emergency-sewage-overflow-beaverdam-creek
"July 26, 2025",Emergency Water Main Repair - Silver Spring,https://www.wsscwater.com/news/2025/july/emergency-water-main-repair-silver-spring-1
"July 25, 2025",Emergency Water Main Repair - Silver Spring,https://www.wsscwater.com/news/2025/july/emergency-water-main-repair-silver-spring-0
"July 22, 2025",Emergency Water Main Repair - Silver Spring,https://www.wsscwater.com/news/2025/july/emergency-water-main-repair-silver-spring
"July 20, 2025","WSSC Water Levanta el Aviso de Hervir el Agua para Clientes en Hyattsville, Cheverly, Seat Pleasant, Capitol Heights y Otras Áreas Cercanas del Condado de Prince George, Maryland",https://www.wsscwater.com/news/2025/july/wssc-water-levanta-el-aviso-de-hervir-el-agua-para-clientes-en-hyattsville-cheverly
"July 20, 2025","**** FINAL UPDATE **** WSSC Water Lifts Boil Water Advisory Impacting Customers in the Hyattsville, Cheverly, Seat Pleasant, Capitol Heights and Other Nearby Areas of Prince George’s County, Maryland Following a Water Main Break",https://www.wsscwater.com/news/2025/july/final-update-wssc-water-lifts-boil-water-advisory-impacting-customers-hyattsville
"July 19, 2025",Emergency Fire Hydrant Replacement - Laurel,https://www.wsscwater.com/news/2025/july/emergency-fire-hydrant-replacement-laurel
"July 19, 2025","*** Update 10:25 a.m. *** Boil Water Advisory Remains in Effect for Customers in the Hyattsville, Cheverly, Seat Pleasant, Capitol Heights and Other Nearby Areas of Prince George’s County, Maryland Following a Water Main Break",https://www.wsscwater.com/news/2025/july/update-1025-am-boil-water-advisory-remains-effect-customers-hyattsville-cheverly
"July 18, 2025","WSSC Water Issues Boil Water Advisory for Customers in the Cheverly, Seat Pleasant, Capitol Heights and Other Nearby Areas of Prince George’s County, Maryland Due to Water Main Break",https://www.wsscwater.com/news/2025/july/wssc-water-issues-boil-water-advisory-customers-cheverly-seat-pleasant-capitol-0
"July 19, 2025","Aviso de Hervir el Agua Permanece en Efecto para Clientes en Hyattsville, Cheverly, Seat Pleasant, Capitol Heights y Otras Áreas Cercanas del Condado de Prince George, Maryland Tras una Rotura de Tubería Principal",https://www.wsscwater.com/news/2025/july/aviso-de-hervir-el-agua-permanece-en-efecto-para-clientes-en-hyattsville-cheverly
"July 19, 2025","*** Update 12:30 a.m. *** WSSC Water Issues Boil Water Advisory for Customers in the Hyattsville, Cheverly, Seat Pleasant, Capitol Heights and Other Nearby Areas of Prince George’s County, Maryland Due to Water Main Break",https://www.wsscwater.com/news/2025/july/update-1230-am-wssc-water-issues-boil-water-advisory-customers-hyattsville-cheverly
"July 17, 2025",Emergency Water Main Repair - Upper Marlboro,https://www.wsscwater.com/news/2025/july/emergency-water-main-repair-upper-marlboro
"July 2, 2025",Emergency Water Main Repair - Laurel,https://www.wsscwater.com/news/2025/july/emergency-water-main-repair-laurel-0
"July 12, 2025",Emergency Water Main Repair - Forestville,https://www.wsscwater.com/news/2025/july/emergency-water-main-repair-forestville
"July 2, 2025",Emergency Water Main Repair - Laurel,https://www.wsscwater.com/news/2025/july/emergency-water-main-repair-laurel
"June 12, 2025",DC Water's Boil Water Advisory,https://www.wsscwater.com/news/2025/june/dc-waters-boil-water-advisory
"June 5, 2025",Scheduled Water Main Shutdown - Clinton,https://www.wsscwater.com/news/2025/june/scheduled-water-main-shutdown-clinton
"June 7, 2025",System Maintenance Alert - June 7 - ePermitting,https://www.wsscwater.com/news/2025/june/system-maintenance-alert-june-7-epermitting
"June 3, 2025",Emergency Water Main Repair - Upper Marlboro,https://www.wsscwater.com/news/2025/june/emergency-water-main-repair-upper-marlboro
"June 7, 2025",System Maintenance Alert - June 7,https://www.wsscwater.com/news/2025/june/system-maintenance-alert-june-7
"June 2, 2025",Attention Customers,https://www.wsscwater.com/news/2025/june/attention-customers
"May 29, 2025",Emergency Water Main Repair - Lanham,https://www.wsscwater.com/news/2025/may/emergency-water-main-repair-lanham-1
"May 16, 2025",Emergency Water Main Repair - Lanham,https://www.wsscwater.com/news/2025/may/emergency-water-main-repair-lanham-0
"May 29, 2025",Water Main Work - Upper Marlboro,https://www.wsscwater.com/news/2025/may/water-main-work-upper-marlboro
"May 16, 2025",Emergency Water Main Repair - Lanham,https://www.wsscwater.com/news/2025/may/emergency-water-main-repair-lanham
"May 16, 2025",Emergency Water Main Repair - Chevy Chase,https://www.wsscwater.com/news/2025/may/emergency-water-main-repair-chevy-chase
"May 15, 2025",Emergency Water Main Repair - Temple Hills,https://www.wsscwater.com/news/2025/may/emergency-water-main-repair-temple-hills
"April 21, 2025",MY.WSSCWATER.COM Alert - April 21,https://www.wsscwater.com/news/2025/april/mywsscwatercom-alert-april-21
"April 3, 2025",Emergency Water Main Repair - Temple Hills,https://www.wsscwater.com/news/2025/april/emergency-water-main-repair-temple-hills
"March 22, 2025",System Maintenance Alert - March 22,https://www.wsscwater.com/news/2025/march/system-maintenance-alert-march-22
"March 10, 2025",Emergency Water Shutdown - Mitchellville,https://www.wsscwater.com/news/2025/march/emergency-water-shutdown-mitchellville
"March 10, 2025",Emergency Water Main Repair - Hyattsville,https://www.wsscwater.com/news/2025/march/emergency-water-main-repair-hyattsville-0
"March 5, 2025",Emergency Water Main Repair - Hyattsville,https://www.wsscwater.com/news/2025/march/emergency-water-main-repair-hyattsville
"February 26, 2025",Emergency Water Main Repair - Silver Spring,https://www.wsscwater.com/news/2025/february/emergency-water-main-repair-silver-spring-0
"February 24, 2025",Emergency Water Shutdown - Bethesda,https://www.wsscwater.com/news/2025/february/emergency-water-shutdown-bethesda
"February 21, 2025",Attention Customers,https://www.wsscwater.com/news/2025/february/attention-customers-1
"February 21, 2025",Emergency Water Main Repair - Capitol Heights,https://www.wsscwater.com/news/2025/february/emergency-water-main-repair-capitol-heights
"February 19, 2025",Emergency Water Main Repair - Takoma Park,https://www.wsscwater.com/news/2025/february/emergency-water-main-repair-takoma-park
"February 18, 2025",Emergency Water Main Repair - Silver Spring,https://www.wsscwater.com/news/2025/february/emergency-water-main-repair-silver-spring
"February 12, 2025",WSSC Water Levanta Aviso de Hervir el Agua Que Afecta a Los Clientes del Sur del Condado de Prince George Después de Una Rotura de la Tubería Principal el Martes,https://www.wsscwater.com/news/2025/february/wssc-water-levanta-aviso-de-hervir-el-agua-que-afecta-los-clientes-del-sur-del
"February 12, 2025",WSSC Water Lifts Boil Water Advisory Impacting Customers in Southern Prince George’s County Following Major Water Main Break on Tuesday,https://www.wsscwater.com/news/2025/february/wssc-water-lifts-boil-water-advisory-impacting-customers-southern-prince-georges
"February 12, 2025",Tres estaciones de distribución de agua ya están abiertas para los clientes afectados por el aviso de hervir el agua en el sur del condado de Prince George,https://www.wsscwater.com/news/2025/february/tres-estaciones-de-distribucion-de-agua-ya-estan-abiertas-para-los-clientes
"February 12, 2025",Three Water Distribution Stations Now Open for Customers Impacted by the Boil Water Advisory in Southern Prince George’s County,https://www.wsscwater.com/news/2025/february/three-water-distribution-stations-now-open-customers-impacted-boil-water
"February 12, 2025",Dos estaciones de distribución de agua ya están abiertas para los clientes afectados por el aviso de hervir el agua en el sur del condado de Prince George,https://www.wsscwater.com/news/2025/february/dos-estaciones-de-distribucion-de-agua-ya-estan-abiertas-para-los-clientes
"February 12, 2025",Two Water Distribution Stations Now Open for Customers Impacted by the Boil Water Advisory in Southern Prince George’s County,https://www.wsscwater.com/news/2025/february/two-water-distribution-stations-now-open-customers-impacted-boil-water-advisory
"February 12, 2025",Aviso de hervir el agua sigue vigente para el sur del condado de Prince George tras una importante rotura de la tubería principal el martes,https://www.wsscwater.com/news/2025/february/aviso-de-hervir-el-agua-sigue-vigente-para-el-sur-del-condado-de-prince-george
"February 12, 2025",Boil Water Advisory Remains in Effect for Southern Prince George’s County Following Major Water Main Break on Tuesday,https://www.wsscwater.com/news/2025/february/boil-water-advisory-remains-effect-southern-prince-georges-county-following
"February 11, 2025",El aviso de hervir el agua sigue vigente mientras la presión del sistema de distribución de agua vuelve a niveles estables luego de una rotura de la tubería principal a primera hora de la mañana en el sur del condado de Prince George,https://www.wsscwater.com/news/2025/february/el-aviso-de-hervir-el-agua-sigue-vigente-mientras-la-presion-del-sistema-de
"February 11, 2025",Boil Water Advisory Remains in Effect as Water Distribution System Pressure Returns to Stable Levels Following Early Morning Major Water Main Break in Southern Prince George’s County,https://www.wsscwater.com/news/2025/february/boil-water-advisory-remains-effect-water-distribution-system-pressure-returns
"February 11, 2025",WSSC Water establece dos estaciones de distribución de agua para los clientes afectados por la recomendación de hervir el agua en el sur del condado de Prince George,https://www.wsscwater.com/news/2025/february/wssc-water-establece-dos-estaciones-de-distribucion-de-agua-para-los-clientes
"February 11, 2025",El aviso de hervir el agua sigue vigente mientras el sistema de distribución de agua se recarga lentamente tras la rotura de la tubería principal a primera hora de la mañana,https://www.wsscwater.com/news/2025/february/el-aviso-de-hervir-el-agua-sigue-vigente-mientras-el-sistema-de-distribucion-de
"February 11, 2025",WSSC Water Establishes Two Water Distribution Stations for Customers Impacted by the Boil Water Advisory in Southern Prince George’s County,https://www.wsscwater.com/news/2025/february/wssc-water-establishes-two-water-distribution-stations-customers-impacted-boil
"February 11, 2025","Boil Water Advisory Remains in Effect As Water Distribution System Slowly Refills Following Early Morning Water Main Break - WSSC Water Crews Build Temporary Access Road to Broken Water Main in Southern Prince George’s County, Maryland",https://www.wsscwater.com/news/2025/february/boil-water-advisory-remains-effect-water-distribution-system-slowly-refills
"February 11, 2025","WSSC Water localiza una tubería principal rota que genera una alerta de hervir el agua para los clientes en el sur del condado de Prince George, Maryland. Los equipos han aislado la rotura para comenzar las reparaciones.",https://www.wsscwater.com/news/2025/february/wssc-water-localiza-una-tuberia-principal-rota-que-genera-una-alerta-de-hervir
"February 11, 2025","WSSC Water Locates Broken Water Main Causing Boil Water Advisory for Customers in Southern Prince George’s County, Maryland - Crews Have Isolated the Break to Begin Repairs - Boil Water Advisory Remains in Effect",https://www.wsscwater.com/news/2025/february/wssc-water-locates-broken-water-main-causing-boil-water-advisory-customers
"February 11, 2025","WSSC Water Amplía el Aviso de Hervir el Agua Para los Clientes del Sur del Condado de Prince George, Maryland, debido a una presunta rotura de la tubería principal x",https://www.wsscwater.com/news/2025/february/wssc-water-amplia-el-aviso-de-hervir-el-agua-para-los-clientes-del-sur-del
"February 11, 2025","WSSC Water Expands Boil Water Advisory for Customers in Southern Prince George’s County, Maryland Due to Suspected Water Main Break Area Now Includes Communities North and East of MD 4 (Pennsylvania Avenue) – Along with All Areas South of MD 4",https://www.wsscwater.com/news/2025/february/wssc-water-expands-boil-water-advisory-customers-southern-prince-georges-county
"February 11, 2025","WSSC Water Declara Aviso de Hervir Agua Para Clientes del Sur del Condado de Prince George, Areas Sur de la Carretera MD 4 (Pennsylvania Ave.) Debido a Una Posible Rotura de la Tubería Principal de Agua",https://www.wsscwater.com/news/2025/february/wssc-water-declara-aviso-de-hervir-agua-para-clientes-del-sur-del-condado-de
"February 11, 2025","WSSC Water Issues Boil Water Advisory for ALL Customers in Southern Prince George’s County, Maryland South of MD 4 (Pennsylvania Avenue) Due to Suspected Water Main Break",https://www.wsscwater.com/news/2025/february/wssc-water-issues-boil-water-advisory-all-customers-southern-prince-georges
"February 11, 2025",Attention Customers,https://www.wsscwater.com/news/2025/february/attention-customers-0
"February 5, 2025",Attention Customers,https://www.wsscwater.com/news/2025/february/attention-customers
"February 5, 2025",Emergency Water Main Repair - Suitland,https://www.wsscwater.com/news/2025/february/emergency-water-main-repair-suitland
"February 3, 2025",Emergency Water Main Repair - Clarksburg,https://www.wsscwater.com/news/2025/february/emergency-water-main-repair-clarksburg
"January 29, 2025",Emergency Water Main Repair - Clinton,https://www.wsscwater.com/news/2025/january/emergency-water-main-repair-clinton
"January 22, 2025",Emergency Water Main Repair - Oxon Hill,https://www.wsscwater.com/news/2025/january/emergency-water-main-repair-oxon-hill
"January 22, 2025",Emergency Water Main Repair - Brandywine,https://www.wsscwater.com/news/2025/january/emergency-water-main-repair-brandywine
"January 21, 2025",Emergency Water Main Repair - Hyattsville,https://www.wsscwater.com/news/2025/january/emergency-water-main-repair-hyattsville-0
"January 21, 2025",Emergency Water Main Repair - Temple Hills,https://www.wsscwater.com/news/2025/january/emergency-water-main-repair-temple-hills
"January 21, 2025",Emergency Water Main Repair - Landover,https://www.wsscwater.com/news/2025/january/emergency-water-main-repair-landover
"January 20, 2025",Emergency Water Main Repair - Silver Spring,https://www.wsscwater.com/news/2025/january/emergency-water-main-repair-silver-spring
"January 17, 2025",Emergency Water Main Repair - Capitol Heights,https://www.wsscwater.com/news/2025/january/emergency-water-main-repair-capitol-heights
"January 16, 2025",Emergency Water Main Repair - Derwood,https://www.wsscwater.com/news/2025/january/emergency-water-main-repair-derwood
"January 16, 2025",Emergency Water Main Repair - Bethesda,https://www.wsscwater.com/news/2025/january/emergency-water-main-repair-bethesda-0
"January 14, 2025",Emergency Water Main Repair - Hyattsville,https://www.wsscwater.com/news/2025/january/emergency-water-main-repair-hyattsville
"January 13, 2025",Emergency Water Main Repair - Riverdale,https://www.wsscwater.com/news/2025/january/emergency-water-main-repair-riverdale
"January 6, 2025",Attention Customers,https://www.wsscwater.com/news/2025/january/attention-customers-0
"January 6, 2025",Emergency Water Main Repair - Bethesda,https://www.wsscwater.com/news/2025/january/emergency-water-main-repair-bethesda
"January 5, 2025",Attention Customers,https://www.wsscwater.com/news/2025/january/attention-customers
"January 3, 2025",Emergency Valve Repair - Accokeek,https://www.wsscwater.com/news/2025/january/emergency-valve-repair-accokeek
"February 20, 2026",System Maintenance Alert - February 20,https://www.wsscwater.com/news/2026/february/system-maintenance-alert-february-20
"February 20, 2026",System Maintenance Alert - February 21,https://www.wsscwater.com/news/2026/february/system-maintenance-alert-february-21
"February 19, 2026",Emergency Water Main Repair - Chillum,https://www.wsscwater.com/news/2026/february/emergency-water-main-repair-chillum-0
"February 17, 2026",Emergency Water Main Repair - Chillum,https://www.wsscwater.com/news/2026/february/emergency-water-main-repair-chillum
"February 17, 2026",Emergency Water Main Repair - Silver Spring,https://www.wsscwater.com/news/2026/february/emergency-water-main-repair-silver-spring-1
"February 13, 2026",Emergency Water Main Repair - Upper Marlboro,https://www.wsscwater.com/news/2026/february/emergency-water-main-repair-upper-marlboro
"February 11, 2026",Emergency Water Main Repair - Silver Spring,https://www.wsscwater.com/news/2026/february/emergency-water-main-repair-silver-spring-0
"February 9, 2026",Emergency Water Main Repair - Silver Spring,https://www.wsscwater.com/news/2026/february/emergency-water-main-repair-silver-spring
"February 8, 2026",Emergency Water Main Repair - Hyattsville,https://www.wsscwater.com/news/2026/february/emergency-water-main-repair-hyattsville-0
"February 8, 2026",Emergency Water Main Repair - Hyattsville,https://www.wsscwater.com/news/2026/february/emergency-water-main-repair-hyattsville-1
"February 8, 2026",Emergency Water Main Repair - Suitland,https://www.wsscwater.com/news/2026/february/emergency-water-main-repair-suitland
"February 7, 2026",Emergency Water Main Repair - Riverdale,https://www.wsscwater.com/news/2026/february/emergency-water-main-repair-riverdale-1
"February 7, 2026",Emergency Water Main Repair - Laurel,https://www.wsscwater.com/news/2026/february/emergency-water-main-repair-laurel
"February 7, 2026",Emergency Water Main Repair - Germantown,https://www.wsscwater.com/news/2026/february/emergency-water-main-repair-germantown
"February 6, 2026",Emergency Water Main Repair - Chevy Chase,https://www.wsscwater.com/news/2026/february/emergency-water-main-repair-chevy-chase
"February 6, 2026",Emergency Water Main Repair - Riverdale,https://www.wsscwater.com/news/2026/february/emergency-water-main-repair-riverdale-0
"February 6, 2026",System Maintenance Alert - February 7,https://www.wsscwater.com/news/2026/february/system-maintenance-alert-february-7
"February 6, 2026",Emergency Water Main Repair - Hyattsville,https://www.wsscwater.com/news/2026/february/emergency-water-main-repair-hyattsville
"February 5, 2026",Emergency Water Main Repair - Clarksburg,https://www.wsscwater.com/news/2026/february/emergency-water-main-repair-clarksburg
"February 4, 2026",Emergency Water Main Repair - Riverdale,https://www.wsscwater.com/news/2026/february/emergency-water-main-repair-riverdale
"February 2, 2026",Emergency Water Main Repair - Capitol Heights,https://www.wsscwater.com/news/2026/february/emergency-water-main-repair-capitol-heights-0
"February 1, 2026",Emergency Water Main Repair - Capitol Heights,https://www.wsscwater.com/news/2026/february/emergency-water-main-repair-capitol-heights
"January 30, 2026",Emergency Water Main Repair - Upper Marlboro,https://www.wsscwater.com/news/2026/january/emergency-water-main-repair-upper-marlboro
"January 29, 2026",Emergency Water Main Repair - Mt. Rainier,https://www.wsscwater.com/news/2026/january/emergency-water-main-repair-mt-rainier
"January 28, 2026","Operations Through Thursday, January 29, 2026, and Friday, January 30, 2026",https://www.wsscwater.com/news/2026/january/operations-through-thursday-january-29-2026-and-friday-january-30-2026
"January 27, 2026",Emergency Water Main Repair - Hyattsville,https://www.wsscwater.com/news/2026/january/emergency-water-main-repair-hyattsville-0
"January 24, 2026",Emergency Water Main Repair - Capitol Heights,https://www.wsscwater.com/news/2026/january/emergency-water-main-repair-capitol-heights
"January 27, 2026","Operations Through Wednesday, January 28, 2026",https://www.wsscwater.com/news/2026/january/operations-through-wednesday-january-28-2026
"January 24, 2026",Emergency Water Main Repair - Hyattsville,https://www.wsscwater.com/news/2026/january/emergency-water-main-repair-hyattsville
"January 23, 2026",Emergency Water Main Repair - Damascus,https://www.wsscwater.com/news/2026/january/emergency-water-main-repair-damascus
"January 23, 2026",System Maintenance Alert - January 24,https://www.wsscwater.com/news/2026/january/system-maintenance-alert-january-24
"January 23, 2026",Scheduled Water Main Repair - Temple Hills,https://www.wsscwater.com/news/2026/january/scheduled-water-main-repair-temple-hills
"January 21, 2026",Emergency Water Main Repair - Landover,https://www.wsscwater.com/news/2026/january/emergency-water-main-repair-landover
"January 9, 2026",Emergency Water Main Repair - Greenbelt,https://www.wsscwater.com/news/2026/january/emergency-water-main-repair-greenbelt
"January 9, 2026",System Maintenance Alert - January 9,https://www.wsscwater.com/news/2026/january/system-maintenance-alert-january-9
